Keyword,Target page,Target page URL,Status
"payment processing guide","Homepage","https://www.paymentprocessingguide.com/","assigned"
"payment processing platform","Homepage","https://www.paymentprocessingguide.com/","assigned"
"payment processing software","Homepage","https://www.paymentprocessingguide.com/","assigned"
"merchant services provider","Homepage","https://www.paymentprocessingguide.com/","assigned"
"merchant service providers","Homepage","https://www.paymentprocessingguide.com/","assigned"
"credit card processing services","Homepage","https://www.paymentprocessingguide.com/","assigned"
"business payment solutions","Homepage","https://www.paymentprocessingguide.com/","assigned"
"payment processor","Homepage","https://www.paymentprocessingguide.com/","assigned"
"credit card processing companies","Homepage","https://www.paymentprocessingguide.com/","assigned"
"top payment processing companies","Homepage","https://www.paymentprocessingguide.com/","assigned"
"merchant services for small business","Homepage","https://www.paymentprocessingguide.com/","assigned"
"best payment processor for shopify","Homepage","https://www.paymentprocessingguide.com/","assigned"
"payment processing companies","Homepage","https://www.paymentprocessingguide.com/","assigned"
"credit card payment processing","Homepage","https://www.paymentprocessingguide.com/","assigned"
"online payment processing companies","Processors directory","https://www.paymentprocessingguide.com/processors","assigned"
"payment processing companies online","Processors directory","https://www.paymentprocessingguide.com/processors","assigned"
"payment processor comparison","Compare","https://www.paymentprocessingguide.com/compare","assigned"
"credit card payment processor comparison","Compare","https://www.paymentprocessingguide.com/compare","assigned"
"payment gateway vs payment processor","Compare","https://www.paymentprocessingguide.com/compare","assigned"
"payment gateway vs merchant account","Compare","https://www.paymentprocessingguide.com/compare","assigned"
"payment processor vs payment service provider","Compare","https://www.paymentprocessingguide.com/compare","assigned"
"hosted vs integrated payment gateway","Compare","https://www.paymentprocessingguide.com/compare","assigned"
"compare payment processors","Compare","https://www.paymentprocessingguide.com/compare","assigned"
"ach payment processing","ACH payment processing","https://www.paymentprocessingguide.com/payment-processors/ach","assigned"
"ach processing fees","ACH payment processing","https://www.paymentprocessingguide.com/payment-processors/ach","assigned"
"interchange plus pricing","ACH payment processing","https://www.paymentprocessingguide.com/payment-processors/ach","assigned"
"what is an ach payment","ACH payment processing","https://www.paymentprocessingguide.com/payment-processors/ach","assigned"
"ach payment meaning","ACH payment processing","https://www.paymentprocessingguide.com/payment-processors/ach","assigned"
"how to set up ach payments","ACH payment processing","https://www.paymentprocessingguide.com/payment-processors/ach","assigned"
"ach payment processing time","ACH payment processing","https://www.paymentprocessingguide.com/payment-processors/ach","assigned"
"interchange fees","ACH payment processing","https://www.paymentprocessingguide.com/payment-processors/ach","assigned"
"interchange rates","ACH payment processing","https://www.paymentprocessingguide.com/payment-processors/ach","assigned"
"payments glossary","Payments glossary","https://www.paymentprocessingguide.com/glossary","assigned"
"payment processing terms","Payments glossary","https://www.paymentprocessingguide.com/glossary","assigned"
"payment terms explained","Payments glossary","https://www.paymentprocessingguide.com/glossary","assigned"
"payment links","Payments glossary","https://www.paymentprocessingguide.com/glossary","assigned"
"paypal alternatives","Payments glossary","https://www.paymentprocessingguide.com/glossary","assigned"
"merchant account","Payments glossary","https://www.paymentprocessingguide.com/glossary","assigned"
"what is a merchant account","Payments glossary","https://www.paymentprocessingguide.com/glossary","assigned"
"ecommerce pos reviews canada","eCommerce POS Reviews Canada","https://www.paymentprocessingguide.com/ecommerce-pos-reviews-canada","assigned"
"best pos system for online store canada","eCommerce POS Reviews Canada","https://www.paymentprocessingguide.com/ecommerce-pos-reviews-canada","assigned"
"pos for shopify canada","eCommerce POS Reviews Canada","https://www.paymentprocessingguide.com/ecommerce-pos-reviews-canada","assigned"
"retail pos canada","eCommerce POS Reviews Canada","https://www.paymentprocessingguide.com/ecommerce-pos-reviews-canada","assigned"
"point of sale comparison canada","eCommerce POS Reviews Canada","https://www.paymentprocessingguide.com/ecommerce-pos-reviews-canada","assigned"
"best pos for small business canada","eCommerce POS Reviews Canada","https://www.paymentprocessingguide.com/ecommerce-pos-reviews-canada","assigned"
"omnichannel pos software","eCommerce POS Reviews Canada","https://www.paymentprocessingguide.com/ecommerce-pos-reviews-canada","assigned"
"cloud pos systems canada","eCommerce POS Reviews Canada","https://www.paymentprocessingguide.com/ecommerce-pos-reviews-canada","assigned"
"pos with gst hst support","eCommerce POS Reviews Canada","https://www.paymentprocessingguide.com/ecommerce-pos-reviews-canada","assigned"
"ecommerce pos reviews usa","eCommerce POS Reviews USA","https://www.paymentprocessingguide.com/ecommerce-pos-reviews-usa","assigned"
"best pos system for online store usa","eCommerce POS Reviews USA","https://www.paymentprocessingguide.com/ecommerce-pos-reviews-usa","assigned"
"pos for shopify usa","eCommerce POS Reviews USA","https://www.paymentprocessingguide.com/ecommerce-pos-reviews-usa","assigned"
"retail pos united states","eCommerce POS Reviews USA","https://www.paymentprocessingguide.com/ecommerce-pos-reviews-usa","assigned"
"point of sale comparison usa","eCommerce POS Reviews USA","https://www.paymentprocessingguide.com/ecommerce-pos-reviews-usa","assigned"
"best pos for small business usa","eCommerce POS Reviews USA","https://www.paymentprocessingguide.com/ecommerce-pos-reviews-usa","assigned"
"omnichannel pos software","eCommerce POS Reviews USA","https://www.paymentprocessingguide.com/ecommerce-pos-reviews-usa","assigned"
"cloud pos systems usa","eCommerce POS Reviews USA","https://www.paymentprocessingguide.com/ecommerce-pos-reviews-usa","assigned"
"pos with sales tax automation","eCommerce POS Reviews USA","https://www.paymentprocessingguide.com/ecommerce-pos-reviews-usa","assigned"
"ecommerce payment processing companies","E-commerce Payment Processors (category)","https://www.paymentprocessingguide.com/category/ecommerce","assigned"
"digital payment processing companies","E-commerce Payment Processors (category)","https://www.paymentprocessingguide.com/category/ecommerce","assigned"
"for developers","For Developers (category)","https://www.paymentprocessingguide.com/category/developers","NOT SET: derive"
"high risk merchant account","High-Risk Merchants (category)","https://www.paymentprocessingguide.com/category/high-risk","assigned"
"high risk payment processor","High-Risk Merchants (category)","https://www.paymentprocessingguide.com/category/high-risk","assigned"
"high risk merchant services","High-Risk Merchants (category)","https://www.paymentprocessingguide.com/category/high-risk","assigned"
"high risk payment processing","High-Risk Merchants (category)","https://www.paymentprocessingguide.com/category/high-risk","assigned"
"chargeback management","High-Risk Merchants (category)","https://www.paymentprocessingguide.com/category/high-risk","assigned"
"in-person and retail pos","In-Person and Retail POS (category)","https://www.paymentprocessingguide.com/category/retail-pos","NOT SET: derive"
"international payment processing companies","International and Cross-Border (category)","https://www.paymentprocessingguide.com/category/international","assigned"
"global payment processing companies","International and Cross-Border (category)","https://www.paymentprocessingguide.com/category/international","assigned"
"marketplaces and platforms","Marketplaces and Platforms (category)","https://www.paymentprocessingguide.com/category/marketplaces","NOT SET: derive"
"nonprofits","Nonprofits (category)","https://www.paymentprocessingguide.com/category/nonprofits","NOT SET: derive"
"restaurants and hospitality","Restaurants and Hospitality (category)","https://www.paymentprocessingguide.com/category/restaurants","NOT SET: derive"
"merchant services for small business","Small Business (category)","https://www.paymentprocessingguide.com/category/small-business","assigned"
"credit card processing fees for small business","Small Business (category)","https://www.paymentprocessingguide.com/category/small-business","assigned"
"subscription payment processing","Subscriptions and SaaS (category)","https://www.paymentprocessingguide.com/category/subscriptions","assigned"
"saas payment processing","Subscriptions and SaaS (category)","https://www.paymentprocessingguide.com/category/subscriptions","assigned"
"marketplace payment processing","Subscriptions and SaaS (category)","https://www.paymentprocessingguide.com/category/subscriptions","assigned"
"recurring payments","Subscriptions and SaaS (category)","https://www.paymentprocessingguide.com/category/subscriptions","assigned"
"recurring payment meaning","Subscriptions and SaaS (category)","https://www.paymentprocessingguide.com/category/subscriptions","assigned"
"what is a recurring payment","Subscriptions and SaaS (category)","https://www.paymentprocessingguide.com/category/subscriptions","assigned"
"recurring billing","Subscriptions and SaaS (category)","https://www.paymentprocessingguide.com/category/subscriptions","assigned"
"adyen review","Adyen (processor profile)","https://www.paymentprocessingguide.com/processor/adyen","NOT SET: derive"
"best adyen alternatives","Best Adyen alternatives","https://www.paymentprocessingguide.com/alternatives/adyen","programmatic"
"authorize.net review","Authorize.net (processor profile)","https://www.paymentprocessingguide.com/processor/authorize-net","NOT SET: derive"
"best authorize.net alternatives","Best Authorize.net alternatives","https://www.paymentprocessingguide.com/alternatives/authorize-net","programmatic"
"braintree review","Braintree (processor profile)","https://www.paymentprocessingguide.com/processor/braintree","NOT SET: derive"
"best braintree alternatives","Best Braintree alternatives","https://www.paymentprocessingguide.com/alternatives/braintree","programmatic"
"helcim review","Helcim (processor profile)","https://www.paymentprocessingguide.com/processor/helcim","NOT SET: derive"
"best helcim alternatives","Best Helcim alternatives","https://www.paymentprocessingguide.com/alternatives/helcim","programmatic"
"paddle review","Paddle (processor profile)","https://www.paymentprocessingguide.com/processor/paddle","NOT SET: derive"
"best paddle alternatives","Best Paddle alternatives","https://www.paymentprocessingguide.com/alternatives/paddle","programmatic"
"paypal review","PayPal (processor profile)","https://www.paymentprocessingguide.com/processor/paypal","NOT SET: derive"
"best paypal alternatives","Best PayPal alternatives","https://www.paymentprocessingguide.com/alternatives/paypal","programmatic"
"payu review","PayU (processor profile)","https://www.paymentprocessingguide.com/processor/payu","NOT SET: derive"
"best payu alternatives","Best PayU alternatives","https://www.paymentprocessingguide.com/alternatives/payu","programmatic"
"razorpay review","Razorpay (processor profile)","https://www.paymentprocessingguide.com/processor/razorpay","NOT SET: derive"
"best razorpay alternatives","Best Razorpay alternatives","https://www.paymentprocessingguide.com/alternatives/razorpay","programmatic"
"revenuecat review","RevenueCat (processor profile)","https://www.paymentprocessingguide.com/processor/revenuecat","assigned"
"revenuecat pricing","RevenueCat (processor profile)","https://www.paymentprocessingguide.com/processor/revenuecat","assigned"
"revenuecat fees","RevenueCat (processor profile)","https://www.paymentprocessingguide.com/processor/revenuecat","assigned"
"best revenuecat alternatives","Best RevenueCat alternatives","https://www.paymentprocessingguide.com/alternatives/revenuecat","programmatic"
"square fees","Square (processor profile)","https://www.paymentprocessingguide.com/processor/square","assigned"
"square alternatives","Square (processor profile)","https://www.paymentprocessingguide.com/processor/square","assigned"
"clover vs square","Square (processor profile)","https://www.paymentprocessingguide.com/processor/square","assigned"
"square alternatives for small business","Square (processor profile)","https://www.paymentprocessingguide.com/processor/square","assigned"
"adyen vs square","Square (processor profile)","https://www.paymentprocessingguide.com/processor/square","assigned"
"elavon vs square","Square (processor profile)","https://www.paymentprocessingguide.com/processor/square","assigned"
"best square alternatives","Best Square alternatives","https://www.paymentprocessingguide.com/alternatives/square","programmatic"
"stax review","Stax (processor profile)","https://www.paymentprocessingguide.com/processor/stax","NOT SET: derive"
"best stax alternatives","Best Stax alternatives","https://www.paymentprocessingguide.com/alternatives/stax","programmatic"
"stripe merchant services","Stripe (processor profile)","https://www.paymentprocessingguide.com/processor/stripe","assigned"
"stripe fees","Stripe (processor profile)","https://www.paymentprocessingguide.com/processor/stripe","assigned"
"stripe alternatives","Stripe (processor profile)","https://www.paymentprocessingguide.com/processor/stripe","assigned"
"stripe vs square","Stripe (processor profile)","https://www.paymentprocessingguide.com/processor/stripe","assigned"
"stripe pricing","Stripe (processor profile)","https://www.paymentprocessingguide.com/processor/stripe","assigned"
"stripe fees canada","Stripe (processor profile)","https://www.paymentprocessingguide.com/processor/stripe","assigned"
"stripe fee calculator","Stripe (processor profile)","https://www.paymentprocessingguide.com/processor/stripe","assigned"
"best stripe alternatives","Best Stripe alternatives","https://www.paymentprocessingguide.com/alternatives/stripe","programmatic"
"best payment processors for shopify stores","Best payment processors for Shopify stores","https://www.paymentprocessingguide.com/payment-processors/for-shopify","static page"
"best payment processors for woocommerce","Best payment processors for WooCommerce","https://www.paymentprocessingguide.com/payment-processors/for-woocommerce","static page"
"best payment processors for bigcommerce","Best payment processors for BigCommerce","https://www.paymentprocessingguide.com/payment-processors/for-bigcommerce","static page"
"best payment processors for wix stores","Best payment processors for Wix stores","https://www.paymentprocessingguide.com/payment-processors/for-wix","static page"
"best payment processors for squarespace","Best payment processors for Squarespace","https://www.paymentprocessingguide.com/payment-processors/for-squarespace","static page"
"payment processors with a virtual terminal","Payment processors with a virtual terminal","https://www.paymentprocessingguide.com/payment-processors/with-virtual-terminal","static page"
"payment processors with payment links","Payment processors with payment links","https://www.paymentprocessingguide.com/payment-processors/with-payment-links","static page"
"payment processors with built-in invoicing","Payment processors with built-in invoicing","https://www.paymentprocessingguide.com/payment-processors/with-invoicing","static page"
"best ach payment processors","Best ACH payment processors","https://www.paymentprocessingguide.com/payment-processors/ach","static page"
"best cryptocurrency payment processors","Best cryptocurrency payment processors","https://www.paymentprocessingguide.com/payment-processors/crypto","static page"
"payment processors with apple pay","Payment processors with Apple Pay","https://www.paymentprocessingguide.com/payment-processors/apple-pay","static page"
"payment processors with google pay","Payment processors with Google Pay","https://www.paymentprocessingguide.com/payment-processors/google-pay","static page"
"payment processors with bnpl | buy now, pay later","Payment processors with BNPL | buy now, pay later","https://www.paymentprocessingguide.com/payment-processors/bnpl","static page"
"best interchange-plus payment processors","Best interchange-plus payment processors","https://www.paymentprocessingguide.com/payment-processors/interchange-plus","static page"
"best flat-rate payment processors","Best flat-rate payment processors","https://www.paymentprocessingguide.com/payment-processors/flat-rate","static page"
"best multi-currency payment processors","Best multi-currency payment processors","https://www.paymentprocessingguide.com/payment-processors/multi-currency","static page"
"payment processors with no rolling reserve","Payment processors with no rolling reserve","https://www.paymentprocessingguide.com/payment-processors/no-rolling-reserve","static page"
"payment processors with tap to pay on phone","Payment processors with Tap to Pay on phone","https://www.paymentprocessingguide.com/payment-processors/tap-to-pay","static page"
"payment processor","Payment processor (glossary)","https://www.paymentprocessingguide.com/glossary/payment-processor","static page"
"payment gateway","Payment gateway (glossary)","https://www.paymentprocessingguide.com/glossary/payment-gateway","static page"
"merchant account","Merchant account (glossary)","https://www.paymentprocessingguide.com/glossary/merchant-account","static page"
"acquiring bank","Acquiring bank (glossary)","https://www.paymentprocessingguide.com/glossary/acquiring-bank","static page"
"issuing bank","Issuing bank (glossary)","https://www.paymentprocessingguide.com/glossary/issuing-bank","static page"
"interchange","Interchange (glossary)","https://www.paymentprocessingguide.com/glossary/interchange","static page"
"interchange-plus","Interchange-plus (glossary)","https://www.paymentprocessingguide.com/glossary/interchange-plus","static page"
"flat-rate pricing","Flat-rate pricing (glossary)","https://www.paymentprocessingguide.com/glossary/flat-rate-pricing","static page"
"tiered pricing","Tiered pricing (glossary)","https://www.paymentprocessingguide.com/glossary/tiered-pricing","static page"
"effective rate","Effective rate (glossary)","https://www.paymentprocessingguide.com/glossary/effective-rate","static page"
"markup","Markup (glossary)","https://www.paymentprocessingguide.com/glossary/markup","static page"
"assessment fee","Assessment fee (glossary)","https://www.paymentprocessingguide.com/glossary/assessment-fee","static page"
"gateway fee","Gateway fee (glossary)","https://www.paymentprocessingguide.com/glossary/gateway-fee","static page"
"monthly minimum","Monthly minimum (glossary)","https://www.paymentprocessingguide.com/glossary/monthly-minimum","static page"
"surcharge","Surcharge (glossary)","https://www.paymentprocessingguide.com/glossary/surcharge","static page"
"authorization","Authorization (glossary)","https://www.paymentprocessingguide.com/glossary/authorization","static page"
"capture","Capture (glossary)","https://www.paymentprocessingguide.com/glossary/capture","static page"
"void","Void (glossary)","https://www.paymentprocessingguide.com/glossary/void","static page"
"refund","Refund (glossary)","https://www.paymentprocessingguide.com/glossary/refund","static page"
"settlement","Settlement (glossary)","https://www.paymentprocessingguide.com/glossary/settlement","static page"
"batch","Batch (glossary)","https://www.paymentprocessingguide.com/glossary/batch","static page"
"payout time","Payout time (glossary)","https://www.paymentprocessingguide.com/glossary/payout-time","static page"
"ach","ACH (glossary)","https://www.paymentprocessingguide.com/glossary/ach","static page"
"sepa","SEPA (glossary)","https://www.paymentprocessingguide.com/glossary/sepa","static page"
"chargeback","Chargeback (glossary)","https://www.paymentprocessingguide.com/glossary/chargeback","static page"
"chargeback ratio","Chargeback ratio (glossary)","https://www.paymentprocessingguide.com/glossary/chargeback-ratio","static page"
"dispute","Dispute (glossary)","https://www.paymentprocessingguide.com/glossary/dispute","static page"
"rolling reserve","Rolling reserve (glossary)","https://www.paymentprocessingguide.com/glossary/rolling-reserve","static page"
"high-risk merchant","High-risk merchant (glossary)","https://www.paymentprocessingguide.com/glossary/high-risk-merchant","static page"
"underwriting","Underwriting (glossary)","https://www.paymentprocessingguide.com/glossary/underwriting","static page"
"kyc","KYC (glossary)","https://www.paymentprocessingguide.com/glossary/kyc","static page"
"pci dss","PCI DSS (glossary)","https://www.paymentprocessingguide.com/glossary/pci-dss","static page"
"tokenization","Tokenization (glossary)","https://www.paymentprocessingguide.com/glossary/tokenization","static page"
"3d secure","3D Secure (glossary)","https://www.paymentprocessingguide.com/glossary/3d-secure","static page"
"avs","AVS (glossary)","https://www.paymentprocessingguide.com/glossary/avs","static page"
"cvv","CVV (glossary)","https://www.paymentprocessingguide.com/glossary/cvv","static page"
"emv","EMV (glossary)","https://www.paymentprocessingguide.com/glossary/emv","static page"
"nfc","NFC (glossary)","https://www.paymentprocessingguide.com/glossary/nfc","static page"
"tap to pay","Tap to Pay (glossary)","https://www.paymentprocessingguide.com/glossary/tap-to-pay","static page"
"digital wallet","Digital wallet (glossary)","https://www.paymentprocessingguide.com/glossary/digital-wallet","static page"
"buy now, pay later","Buy now, pay later (glossary)","https://www.paymentprocessingguide.com/glossary/bnpl","static page"
"card-present","Card-present (glossary)","https://www.paymentprocessingguide.com/glossary/card-present","static page"
"card-not-present","Card-not-present (glossary)","https://www.paymentprocessingguide.com/glossary/card-not-present","static page"
"moto","MOTO (glossary)","https://www.paymentprocessingguide.com/glossary/moto","static page"
"virtual terminal","Virtual terminal (glossary)","https://www.paymentprocessingguide.com/glossary/virtual-terminal","static page"
"payment link","Payment link (glossary)","https://www.paymentprocessingguide.com/glossary/payment-link","static page"
"hosted checkout","Hosted checkout (glossary)","https://www.paymentprocessingguide.com/glossary/hosted-checkout","static page"
"recurring billing","Recurring billing (glossary)","https://www.paymentprocessingguide.com/glossary/recurring-billing","static page"
"dunning","Dunning (glossary)","https://www.paymentprocessingguide.com/glossary/dunning","static page"
"multi-currency","Multi-currency (glossary)","https://www.paymentprocessingguide.com/glossary/multi-currency","static page"
"stripe vs paypal","stripe vs paypal","https://www.paymentprocessingguide.com/compare/stripe-vs-paypal","programmatic"
"stripe vs square","stripe vs square","https://www.paymentprocessingguide.com/compare/stripe-vs-square","programmatic"
"stripe vs braintree","stripe vs braintree","https://www.paymentprocessingguide.com/compare/stripe-vs-braintree","programmatic"
"stripe vs adyen","stripe vs adyen","https://www.paymentprocessingguide.com/compare/stripe-vs-adyen","programmatic"
"stripe vs authorize-net","stripe vs authorize-net","https://www.paymentprocessingguide.com/compare/stripe-vs-authorize-net","programmatic"
"paypal vs square","paypal vs square","https://www.paymentprocessingguide.com/compare/paypal-vs-square","programmatic"
"square vs stax","square vs stax","https://www.paymentprocessingguide.com/compare/square-vs-stax","programmatic"
"razorpay vs payu","razorpay vs payu","https://www.paymentprocessingguide.com/compare/razorpay-vs-payu","programmatic"
"stripe vs helcim","stripe vs helcim","https://www.paymentprocessingguide.com/compare/stripe-vs-helcim","programmatic"
"stripe vs stax","stripe vs stax","https://www.paymentprocessingguide.com/compare/stripe-vs-stax","programmatic"
"paypal vs braintree","paypal vs braintree","https://www.paymentprocessingguide.com/compare/paypal-vs-braintree","programmatic"
"paypal vs adyen","paypal vs adyen","https://www.paymentprocessingguide.com/compare/paypal-vs-adyen","programmatic"
"paypal vs authorize-net","paypal vs authorize-net","https://www.paymentprocessingguide.com/compare/paypal-vs-authorize-net","programmatic"
"square vs helcim","square vs helcim","https://www.paymentprocessingguide.com/compare/square-vs-helcim","programmatic"
"square vs braintree","square vs braintree","https://www.paymentprocessingguide.com/compare/square-vs-braintree","programmatic"
"square vs adyen","square vs adyen","https://www.paymentprocessingguide.com/compare/square-vs-adyen","programmatic"
"adyen vs braintree","adyen vs braintree","https://www.paymentprocessingguide.com/compare/adyen-vs-braintree","programmatic"
"braintree vs authorize-net","braintree vs authorize-net","https://www.paymentprocessingguide.com/compare/braintree-vs-authorize-net","programmatic"
"authorize-net vs stax","authorize-net vs stax","https://www.paymentprocessingguide.com/compare/authorize-net-vs-stax","programmatic"
"helcim vs stax","helcim vs stax","https://www.paymentprocessingguide.com/compare/helcim-vs-stax","programmatic"
"ach payment: a complete guide to automated clearing house transactions","ACH Payment: A Complete Guide to Automated Clearing House Transactions (blog)","https://www.paymentprocessingguide.com/blog/ach-payment-a-complete-guide-to-automated-clearing-house-transactions","NOT SET: derive"
"how to choose the best payment gateway for your business ?","Choosing the Right Payment Gateway for Your Business (blog)","https://www.paymentprocessingguide.com/blog/choosing-the-right-payment-gateway-for-your-business","NOT SET: derive"
"flat-rate vs interchange-plus pricing explained","Flat-rate vs interchange-plus: which pricing model saves you more? (blog)","https://www.paymentprocessingguide.com/blog/flat-rate-vs-interchange-plus","NOT SET: derive"
"how businesses can choose the right merchant technology for long-term growth ?","How Businesses Can Choose the Right Merchant Technology for Long-Term Growth ? (blog)","https://www.paymentprocessingguide.com/blog/how-businesses-can-choose-the-right-merchant-technology-for-long-term-growth","NOT SET: derive"
"how businesses can create a faster and safer checkout experience ?","How Businesses Can Create a Faster and Safer Checkout Experience ? (blog)","https://www.paymentprocessingguide.com/blog/how-businesses-can-create-a-faster-and-safer-checkout-experience","NOT SET: derive"
"how businesses can improve their digital payment experience ?","How Businesses Can Improve Their Digital Payment Experience ? (blog)","https://www.paymentprocessingguide.com/blog/how-businesses-can-improve-their-digital-payment-experience","NOT SET: derive"
"how digital transactions are transforming modern businesses ?","How Digital Transactions Are Transforming Modern Businesses ? (blog)","https://www.paymentprocessingguide.com/blog/how-digital-transactions-are-transforming-modern-businesses","NOT SET: derive"
"how faster checkout experiences improve customer satisfaction ?","How Faster Checkout Experiences Improve Customer Satisfaction ? (blog)","https://www.paymentprocessingguide.com/blog/how-faster-checkout-experiences-improve-customer-satisfaction","NOT SET: derive"
"how modern companies simplify customer transactions?","How Modern Companies Simplify Customer Transactions? (blog)","https://www.paymentprocessingguide.com/blog/how-modern-companies-simplify-customer-transactions","NOT SET: derive"
"how online payment systems work simple guide for businesses?","How Online Payment Systems Work: A Simple Guide for Businesses? (blog)","https://www.paymentprocessingguide.com/blog/how-online-payment-systems-work-a-simple-guide-for-businesses","NOT SET: derive"
"how payment processing software improves business efficiency ?","How Payment Processing Software Improves Business Efficiency ? (blog)","https://www.paymentprocessingguide.com/blog/how-payment-processing-software-improves-business-efficiency","NOT SET: derive"
"how to choose a payment processor: a step-by-step guide","How to Choose a Payment Processor: A Step-by-Step Guide (blog)","https://www.paymentprocessingguide.com/blog/how-to-choose-a-payment-processor","NOT SET: derive"
"how to choose the best merchant services provider for your business?","How to Choose the Best Merchant Services Provider for Your Business? (blog)","https://www.paymentprocessingguide.com/blog/how-to-choose-the-best-merchant-services-provider-for-your-business","NOT SET: derive"
"how to choose the right payment processing platform for your business ?","How to Choose the Right Payment Processing Platform for Your Business ? (blog)","https://www.paymentprocessingguide.com/blog/how-to-choose-the-right-payment-processing-platform-for-your-business","NOT SET: derive"
"how to compare merchant service providers before making a decision ?","How to Compare Merchant Service Providers Before Making a Decision ? (blog)","https://www.paymentprocessingguide.com/blog/how-to-compare-merchant-service-providers-before-making-a-decision","NOT SET: derive"
"how to lower your payment processing fees","How to lower your payment processing fees: 9 levers that actually work (blog)","https://www.paymentprocessingguide.com/blog/how-to-lower-payment-processing-fees","NOT SET: derive"
"making sense of transaction costs for growing businesses","Making Sense of Transaction Costs for Growing Businesses (blog)","https://www.paymentprocessingguide.com/blog/making-sense-of-transaction-costs-for-growing-businesses","NOT SET: derive"
"online payments: a complete guide to how digital transactions work","Online Payments: A Complete Guide to How Digital Transactions Work (blog)","https://www.paymentprocessingguide.com/blog/online-payments-a-complete-guide-to-how-digital-transactions-work","NOT SET: derive"
"payment processing platform vs payment processing software: what's the difference?","Payment Processing Platform vs Payment Processing Software: What's the Difference? (blog)","https://www.paymentprocessingguide.com/blog/payment-processing-platform-vs-payment-processing-software-what-s-the-difference","NOT SET: derive"
"the role of online payment gateways in secure digital transactions","The Role of Online Payment Gateways in Secure Digital Transactions (blog)","https://www.paymentprocessingguide.com/blog/the-role-of-online-payment-gateways-in-secure-digital-transactions","NOT SET: derive"
"best payment processors for high-risk businesses","The best payment processors for high-risk businesses (blog)","https://www.paymentprocessingguide.com/blog/best-processors-for-high-risk-businesses","NOT SET: derive"
"understanding payment processing fees: what every business should know","Understanding Payment Processing Fees: What Every Business Should Know (blog)","https://www.paymentprocessingguide.com/blog/understanding-payment-processing-fees-what-every-business-should-know","NOT SET: derive"
"what is a chargeback? a complete guide to payment disputes","What Is a Chargeback? A Complete Guide to Payment Disputes (blog)","https://www.paymentprocessingguide.com/blog/what-is-a-chargeback-a-complete-guide-to-payment-disputes","NOT SET: derive"
"why every business should review its payment setup every year ?","Why Every Business Should Review Its Payment Setup Every Year ? (blog)","https://www.paymentprocessingguide.com/blog/why-every-business-should-review-its-payment-setup-every-year","NOT SET: derive"
"why payment security should be a priority for every business ?","Why Payment Security Should Be a Priority for Every Business ? (blog)","https://www.paymentprocessingguide.com/blog/why-payment-security-should-be-a-priority-for-every-business","NOT SET: derive"
"why scalable payment technology is essential for growing businesses ?","Why Scalable Payment Technology Is Essential for Growing Businesses ? (blog)","https://www.paymentprocessingguide.com/blog/why-scalable-payment-technology-is-essential-for-growing-businesses","NOT SET: derive"
"why secure digital transactions matter for every business ?","Why Secure Digital Transactions Matter for Every Business ? (blog)","https://www.paymentprocessingguide.com/blog/why-secure-digital-transactions-matter-for-every-business","NOT SET: derive"
"payments glossary","Glossary hub","https://www.paymentprocessingguide.com/glossary","static page"
"payment processors directory","Payment processors directory (facet hub)","https://www.paymentprocessingguide.com/payment-processors","static page"
"how we rank payment processors","Methodology","https://www.paymentprocessingguide.com/methodology","static page"
"about payment processing guide","About","https://www.paymentprocessingguide.com/about","static page"
"list your payment processor","For processors (get listed)","https://www.paymentprocessingguide.com/for-processors","static page"
"(no keyword target)","Contact","https://www.paymentprocessingguide.com/contact","utility"
"(no keyword target)","Privacy policy","https://www.paymentprocessingguide.com/privacy","utility"
"(no keyword target)","Terms","https://www.paymentprocessingguide.com/terms","utility"
"(no keyword target)","Search","https://www.paymentprocessingguide.com/search","utility"